Timestamp,device,firmware,sheet,schedule,dataset,project,site,latitude,longitude,height_above_ground,habitat,deployment_date,collect_date,data_storage_location,crew,notes,attractor,attractor_location,UTC,deployment_name
04/09/2024 14:55:53,Lift Alce,4.12,White felt / Fieltro blanco,,Panama,Totumas,Lodge,8.882973,-82.683435,0,,29/08/2024,30/08/2024,ftp://u407120@u407120.your-storagebox.de/moths/Panama/Totumas_Lamp_LiftAlce_2024-08-29,Jessie Tejera-Fabian ,"Drained of battery, converter detached from battery.",,,,Panama_Totumas_Lodge_Lift Alce_2024-08-29
04/09/2024 14:58:11,Lift Alce,4.12,White felt / Fieltro blanco,,Panama,Totumas,Lodge,8.882973,-82.683435,0,,03/09/2024,04/09/2024,ftp://u407120@u407120.your-storagebox.de/moths/Panama/Totumas_Lamp_LiftAlce_2024-09-03,Jessie Tejera-Fabian ,,,,,Panama_Totumas_Lodge_Lift Alce_2024-09-03
04/09/2024 17:47:05,Lift Alce,4.12,White felt / Fieltro blanco,,Panama,Totumas,Lodge ,8.882973,-82.683435,0,,26/08/2024,27/08/2024,ftp://u407120@u407120.your-storagebox.de/moths/Panama/Totumas_Lamp_LiftAlce_2024-08-26,Jessie Tejera-Fabian ,Drained of battery upon collection,,,,Panama_Totumas_Lodge _Lift Alce_2024-08-26
10/09/2024 10:37:53,Prize crab,4.12,White felt / Fieltro blanco,,Panama,Fortuna ,Jardin de la estacion ( torre ),8.72,-82.23,1.10m,,05/09/2024,10/09/2024,ftp://u407120@u407120.your-storagebox.de/moths/Panama/Fortuna_Torre_PrizeCrab_2024-09-05,E.G.,solo tenIa mosquitos por fuera del mothbox,,,,Panama_Fortuna _Jardin de la estacion ( torre )_Prize crab_2024-09-05
13/09/2024 10:39:00,AmpleBonobo,4.12,White felt / Fieltro blanco,,Panama,Fortuna,Sendero de la estacion Fortuna,8.722588,-82.238315,1.30m,,10/09/2024,13/09/2024,ftp://u407120@u407120.your-storagebox.de/moths/Panama/Fortuna_SenderoEstacion_AmpleBonobo_2024-09-10,E.G.,monte la caja en una Cyathea SP (helecho arboreo),,,,Panama_Fortuna_Sendero de la estacion Fortuna_AmpleBonobo_2024-09-10
17/09/2024 12:14:00,Accionsauro,4.12,White felt / Fieltro blanco,programA,Panama,Fortuna,Plot Honda A; mitad del plot,8.75313,-82.239585,1.50m,cloud forest / bosque nuboso,12/09/2024,17/09/2024,ftp://u407120@u407120.your-storagebox.de/moths/Panama/Fortuna_PlotHondaAsitio5050_AccionSauro_2024-09-12,E.G.,fue instalado en el árbol de Garcinia Magnifolia la elevacion del área donde fue instalado el mothbox es de 1195 m.,,,,Panama_Fortuna_Plot Honda A; mitad del plot_Accionsauro_2024-09-12
18/09/2024 10:07:00,CuervoCInife,4.12,White felt / Fieltro blanco,programA,Panama,Gamboa,Dinalab,9.11763,-76.69849,0.5,residential backyard,23/07/2024,02/08/2024,ftp://u407120@u407120.your-storagebox.de/moths/Panama/Gamboa_Dinalab_CuervoCinife_2024-07-23,KQ,,,,,Panama_Gamboa_Dinalab_CuervoCInife_2024-07-23
18/09/2024 10:18:11,CuervoCInife,4.12,White felt / Fieltro blanco,programA,Panama,Gamboa,Dinalab,9.11763,-76.69849,0.5,residential backyard,27/07/2024,30/07/2024,ftp://u407120@u407120.your-storagebox.de/moths/Panama/Gamboa_Dinalab_CuervoCinife_2024-07-27,AQ,,,,,Panama_Gamboa_Dinalab_CuervoCInife_2024-07-27
18/09/2024 10:20:37,LiftAlce,4.12,White felt / Fieltro blanco,programA,Panama,Cacique,Jose Pobre,9.60117,-79.63402,0.25,seashore,07/07/2024,08/07/2024,\\u407120.your-storagebox.de\backup\moths\Panama\Cacique_JosePobre_LiftAlce_2024-07-07,AQ,error at end of recording morning random photos,,,,Panama_Cacique_Jose Pobre_LiftAlce_2024-07-07
18/09/2024 10:22:15,LiftAlce,4.12,White felt / Fieltro blanco,programA,Panama,Cacique,Jose Pobre,9.60117,-79.63402,0.25,seashore,08/07/2024,09/07/2024,\\u407120.your-storagebox.de\backup\moths\Panama\Cacique_JosePobre_LiftAlce_2024-07-08,AQ,SEEMS THAT ORIGINAL DATA WAS LOST- Only crops are available.,,,,Panama_Cacique_Jose Pobre_LiftAlce_2024-07-08
18/09/2024 10:25:21,CuervoCInife,4.12,White felt / Fieltro blanco,programA,Panama,Gamboa,Dinalab,9.11763,-76.69849,0.5,residential backyard,31/07/2024,01/08/2024,ftp://u407120@u407120.your-storagebox.de/moths/Panama/Gamboa_Dinalab_CuervoCinife_2024-07-31,KQ,,,,,Panama_Gamboa_Dinalab_CuervoCInife_2024-07-31
18/09/2024 10:29:42,GradoVerdIn,4.12,White felt / Fieltro blanco,programA,Panama,Gamboa,Dinalab,9.11763,-76.69849,0.5,residential backyard,18/07/2024,20/07/2024,ftp://u407120@u407120.your-storagebox.de/moths/Panama/Gamboa_Dinalab_GradoVerdin_2024-07-18,KQ,,,,,Panama_Gamboa_Dinalab_GradoVerdIn_2024-07-18
18/09/2024 10:31:30,GradoVerdIn,4.12,White felt / Fieltro blanco,programA,Panama,Gamboa,Dinalab,9.11763,-76.69849,0.5,residential backyard,25/07/2024,27/07/2024,ftp://u407120@u407120.your-storagebox.de/moths/Panama/Gamboa_Dinalab_GradoVerdin_2024-07-25,AQ,,,,,Panama_Gamboa_Dinalab_GradoVerdIn_2024-07-25
18/09/2024 10:33:12,LiftAlce,4.12,White felt / Fieltro blanco,programA,Panama,Gamboa,Dinalab,9.11763,-76.69849,0.5,residential backyard,07/07/2024,08/07/2024,\\u407120.your-storagebox.de\backup\moths\Panama\Gamboa_Dinalab_LiftAlce_2024-07-07,KQ,,,,,Panama_Gamboa_Dinalab_LiftAlce_2024-07-07
18/09/2024 10:34:36,LiftAlce,4.12,White felt / Fieltro blanco,programA,Panama,Gamboa,Dinalab,9.11763,-76.69849,0.5,residential backyard,12/07/2024,13/07/2024,\\u407120.your-storagebox.de\backup\moths\Panama\Gamboa_Dinalab_liftAlce_2024-07-12,AQ,,,,,Panama_Gamboa_Dinalab_LiftAlce_2024-07-12
18/09/2024 10:35:45,LiftAlce,4.12,White felt / Fieltro blanco,programA,Panama,Gamboa,Dinalab,9.11763,-76.69849,0.5,residential backyard,16/07/2024,23/07/2024,\\u407120.your-storagebox.de\backup\moths\Panama\Gamboa_Dinalab_LiftAlce_2024-07-16,AQ,,,,,Panama_Gamboa_Dinalab_LiftAlce_2024-07-16
18/09/2024 10:36:59,LiftAlce,4.12,White felt / Fieltro blanco,programA,Panama,Gamboa,Dinalab,9.11763,-76.69849,0.5,residential backyard,20/07/2024,23/07/2024,\\u407120.your-storagebox.de\backup\moths\Panama\Gamboa_Dinalab_LiftAlce_2024-07-20,KQ,,,,,Panama_Gamboa_Dinalab_LiftAlce_2024-07-20
18/09/2024 10:39:08,LiftAlce,4.12,White felt / Fieltro blanco,programA,Panama,Gamboa,Dinalab,9.11763,-76.69849,0.5,residential backyard,25/07/2024,27/07/2024,\\u407120.your-storagebox.de\backup\moths\Panama\Gamboa_Dinalab_LiftAlce_2024-07-25,AQ,,,,,Panama_Gamboa_Dinalab_LiftAlce_2024-07-25
18/09/2024 10:40:35,LiftAlce,4.12,White felt / Fieltro blanco,programA,Panama,Gamboa,Dinalab,9.11763,-76.69849,0.5,residential backyard,30/07/2024,31/07/2024,\\u407120.your-storagebox.de\backup\moths\Panama\Gamboa_Dinalab_LiftAlce_2024-07-30,AQ,,,,,Panama_Gamboa_Dinalab_LiftAlce_2024-07-30
18/09/2024 10:42:35,mb01,4.12,White felt / Fieltro blanco,programA,Panama,Gamboa,Dinalab,9.11763,-76.69849,0.5,residential backyard,11/04/2024,11/04/2024,\\u407120.your-storagebox.de\backup\moths\Panama\Gamboa_Dinalab_mb01_2024-04-11,KQ,,,,,Panama_Gamboa_Dinalab_mb01_2024-04-11
18/09/2024 10:44:41,mb06,4.12,White felt / Fieltro blanco,programA,Panama,Gamboa,Dinalab,9.11763,-76.69849,0.5,residential backyard,07/03/2024,08/03/2024,\\u407120.your-storagebox.de\backup\moths\Panama\Gamboa_Dinalab_Mb06_2024-03-07,KQ,,,,,Panama_Gamboa_Dinalab_mb06_2024-03-07
18/09/2024 10:59:52,mb6,4.12,White felt / Fieltro blanco,programA,Panama,Gamboa,Dinalab,9.11763,-76.69849,0.5,residential backyard,28/03/2024,02/04/2024,\\u407120.your-storagebox.de\backup\moths\Panama\Gamboa_Dinalab_mb6_2024-03-28,KQ,,,,,Panama_Gamboa_Dinalab_mb6_2024-03-28
18/09/2024 11:01:26,mb08,4.12,White felt / Fieltro blanco,programA,Panama,Gamboa,Dinalab,9.11763,-76.69849,0.5,residential backyard,12/03/2024,13/03/2024,\\u407120.your-storagebox.de\backup\moths\Panama\Gamboa_Dinalab_mb08_2024-03-08,KQ,,,,,Panama_Gamboa_Dinalab_mb08_2024-03-12
18/09/2024 11:06:19,mb08,4.12,White felt / Fieltro blanco,programA,Panama,Gamboa,Dinalab,9.11763,-76.69849,0.5,residential backyard,10/03/2024,11/03/2024,\\u407120.your-storagebox.de\backup\moths\Panama\Gamboa_Dinalab_mb08_2024-03-10,KQ,,,,,Panama_Gamboa_Dinalab_mb08_2024-03-10
18/09/2024 11:27:10,mb08,4.12,White felt / Fieltro blanco,programA,Panama,Gamboa,Dinalab,9.11763,-76.69849,0.5,residential backyard,14/03/2024,16/03/2024,\\u407120.your-storagebox.de\backup\moths\Panama\Gamboa_Dinalab_mb08_2024-03-14,AQ,,,,,Panama_Gamboa_Dinalab_mb08_2024-03-14
18/09/2024 11:28:39,MB08,4.12,White felt / Fieltro blanco,programA,Panama,Gamboa,Dinalab,9.11763,-76.69849,0.5,residential backyard,28/03/2024,02/04/2024,\\u407120.your-storagebox.de\backup\moths\Panama\Gamboa_Dinalab_MB08_2024-03-28,AQ,,,,,Panama_Gamboa_Dinalab_MB08_2024-03-28
18/09/2024 11:30:03,mb08,4.12,Yellow felt / Fieltro amarillo,programA,Panama,Gamboa,Dinalab,9.11763,-76.69849,0.5,residential backyard,02/04/2024,03/04/2024,\\u407120.your-storagebox.de\backup\moths\Panama\Gamboa_Dinalab_mb08_2024-04-02,AQ,,,,,Panama_Gamboa_Dinalab_mb08_2024-04-02
18/09/2024 11:31:20,mb08,4.12,Yellow felt / Fieltro amarillo,programA,Panama,Gamboa,Dinalab,9.11763,-76.69849,0.5,residential backyard,03/04/2024,04/04/2024,\\u407120.your-storagebox.de\backup\moths\Panama\Gamboa_Dinalab_mb08_2024-04-03,AQ,,,,,Panama_Gamboa_Dinalab_mb08_2024-04-03
18/09/2024 11:35:21,mb073b2,4.12,White felt / Fieltro blanco,programA,Panama,Gamboa,Dinalab,9.11763,-76.69849,0.5,residential backyard,09/05/2024,12/05/2024,\\u407120.your-storagebox.de\backup\moths\Panama\Gamboa_Dinalab_mb073b2_2024-05-09,AQ,,,,,Panama_Gamboa_Dinalab_mb073b2_2024-05-09
18/09/2024 11:37:21,StudyCod,4.12,White felt / Fieltro blanco,programA,Panama,Gamboa,Dinalab,9.11763,-76.69849,0.5,residential backyard,28/06/2024,03/07/2024,\\u407120.your-storagebox.de\backup\moths\Panama\Gamboa_Dinalab_StudyCod_2024-06-27,AQ,,,,,Panama_Gamboa_Dinalab_StudyCod_2024-06-28
18/09/2024 11:37:21,LiftAlce,4.12,White felt / Fieltro blanco,programA,Panama,Gamboa,Dinalab,9.11763,-76.69849,0.5,residential backyard,13/08/2024,21/08/2024,ftp://u407120@u407120.your-storagebox.de/moths/Panama/Gamboa_DinalabRegulatorTest_LiftAlce_2024-08-13,AQ,,,,,Panama_Gamboa_Dinalab_LiftAlce_2024-08-13
18/09/2024 11:46:27,FlatHapuku,4.12,White felt / Fieltro blanco,programA,Panama,Gamboa,FrijolesRiver,9.15224,-79.7352,1,forest (unknown),05/08/2024,09/08/2024,ftp://u407120@u407120.your-storagebox.de/moths/Panama/Gamboa_FrijolesRiver_FlatHapuku_2024-08-05,AQ,,,,,Panama_Gamboa_FrijolesRiver_FlatHapuku_2024-08-05
18/09/2024 11:50:02,AmpleBonobo,4.12,White felt / Fieltro blanco,programA,Panama,Gamboa,FrijolesCampsite,9.15205,-79.73501,1,forest (unknown),06/08/2024,10/08/2024,\\u407120.your-storagebox.de\backup\moths\Panama\Gamboa_FrijolesCampsite_AmpleBonobo_2024-08-06,AQ,,,,,Panama_Gamboa_FrijolesCampsite_AmpleBonobo_2024-08-06
18/09/2024 11:52:36,GradoVerdIn,4.12,White felt / Fieltro blanco,programA,Panama,Gamboa,JuanGrande,9.1347,-79.72221,1,forest (unknown),18/07/2024,20/07/2024,ftp://u407120@u407120.your-storagebox.de/moths/Panama/Gamboa_JuanGrande_GradoVerdin_2024-07-18,AQ,,,,,Panama_Gamboa_JuanGrande_GradoVerdIn_2024-07-18
18/09/2024 11:54:15,LiftAlce,4.12,White felt / Fieltro blanco,programA,Panama,Gamboa,JuanGrande,9.1347,-79.72221,1,forest (unknown),19/07/2024,20/07/2024,\\u407120.your-storagebox.de\backup\moths\Panama\Gamboa_JuanGrande_LiftAlce_2024-07-19,AQ,,,,,Panama_Gamboa_JuanGrande_LiftAlce_2024-07-19
18/09/2024 11:57:16,mb08,3.2,Yellow felt / Fieltro amarillo,programA,Panama,Gamboa,MaybeHubert(?),unknown,unknown,0.5,residential backyard (?),14/03/2024,14/03/2024,\\u407120.your-storagebox.de\backup\moths\Panama\Gamboa_MaybeHubert_mb08-2024-03-14,HS,,,,,Panama_Gamboa_MaybeHubert(?)_mb08_2024-03-14
18/09/2024 12:00:59,cuervoCInife,4.12,White felt / Fieltro blanco,programA,Panama,Gamboa,MayJayYard,9.11553,-79.69898,1,residential backyard,04/08/2024,09/08/2024,ftp://u407120@u407120.your-storagebox.de/moths/Panama/Gamboa_MayJayYard_cuervoCinife_2024-08-04,KQ,,,,,Panama_Gamboa_MayJayYard_cuervoCInife_2024-08-04
18/09/2024 12:02:24,LiquidSerau,4.12,White felt / Fieltro blanco,programA,Panama,Gamboa,MayJayYard,9.11553,-79.69898,1,residential backyard,22/08/2024,26/08/2024,\\u407120.your-storagebox.de\backup\moths\Panama\Gamboa_MayJayYard_LiquidSerau_2024-08-22,KQ,,,,,Panama_Gamboa_MayJayYard_LiquidSerau_2024-08-22
18/09/2024 12:04:59,GradoVerdIn,4.12,White felt / Fieltro blanco,programA,Panama,Gamboa,OwenYard,9.11727,-79.69604,1,residential yard,04/08/2024,11/08/2024,ftp://u407120@u407120.your-storagebox.de/moths/Panama/Gamboa_OwenYard_GradoVerdin_2024-08-04,AQ,,,,,Panama_Gamboa_OwenYard_GradoVerdIn_2024-08-04
18/09/2024 12:06:32,Accionsauro,4.12,White felt / Fieltro blanco,programA,Panama,Gamboa,RadioHill,9.13969,-79.7242,1,forest (unknown),06/08/2024,10/08/2024,ftp://u407120@u407120.your-storagebox.de/moths/Panama/Gamboa_RadioHill_AccionSauro_2024-08-06,AQ,,,,,Panama_Gamboa_RadioHill_Accionsauro_2024-08-06
18/09/2024 12:07:45,LiquidSerau,4.12,White felt / Fieltro blanco,programA,Panama,Gamboa,RadioHill,9.13969,-79.7242,1,forest (unknown),06/08/2024,10/08/2024,\\u407120.your-storagebox.de\backup\moths\Panama\Gamboa_RadioHill_LiquidSerau_2024-08-06,AQ,,,,,Panama_Gamboa_RadioHill_LiquidSerau_2024-08-06
18/09/2024 12:11:33,LiftAlce,4.12,White felt / Fieltro blanco,programA,Panama,Gamboa,TylerYard,9.11667,-79.69831,1,residential backyard,05/08/2024,07/08/2024,\\u407120.your-storagebox.de\backup\moths\Panama\Gamboa_TylerYard_LiftAlce_2024-08-05,KQ,,,,,Panama_Gamboa_TylerYard_LiftAlce_2024-08-05
18/09/2024 12:14:42,Mb08,4.12,White felt / Fieltro blanco,programA,Panama,Volcan,MedievalHut,8.77905,-82.62693,1,campsite,18/03/2024,23/03/2024,\\u407120.your-storagebox.de\backup\moths\Panama\Volcan_MedievalHut_Mb08_2024-03-18,AQ,,,,,Panama_Volcan_MedievalHut_Mb08_2024-03-18
18/09/2024 12:14:42,Mb08,4.12,White felt / Fieltro blanco,programA,Panama,Volcan,MedievalHut,8.77905,-82.62693,1,campsite,23/03/2024,27/03/2024,do not have in deep storage,AQ,,,,,Panama_Volcan_MedievalHut_Mb08_2024-03-23
18/09/2024 13:18:43,GradoVerdIn,4.12,White felt / Fieltro blanco,programA,Ecuador,Tena,MothClassGirls,-0.93705,-77.87916,1,forest (unknown),29/07/2024,29/07/2024,ftp://u407120@u407120.your-storagebox.de/moths/Ecuador/Tena_MothClassGirls_GradoVerdin_2024-07-29,GH,,,,,Ecuador_Tena_MothClassGirls_GradoVerdIn_2024-07-29
18/09/2024 13:18:54,GradoVerdIn,4.12,White felt / Fieltro blanco,programA,Panama,La Alza - Cambutal,Bosque Galeria  / Grass - Cliff Grass Close to Secondary Forest,7.28083,-80.50941,1.55 m,pasture,03/09/2024,07/09/2024,Need from Andy / PEA,PEA,A few small specks on the board. Lens looked dry.,,,,Panama_La Alza - Cambutal_Bosque Galeria  / Grass - Cliff Grass Close to Secondary Forest_GradoVerdIn_2024-09-03
18/09/2024 13:22:20,GradoVerdIn,4.12,White felt / Fieltro blanco,programA,Ecuador,Tena,PastUniversityMothNight,-0.93705,-77.87916,1,forest (unknown),25/07/2024,25/07/2024,ftp://u407120@u407120.your-storagebox.de/moths/Ecuador/Tena_PastUniversityMothNight_gradoVerdin_2024-07-25,AQ,,,,,Ecuador_Tena_PastUniversityMothNight_GradoVerdIn_2024-07-25
18/09/2024 13:24:37,liftAlce,4.12,White felt / Fieltro blanco,programA,Ecuador,Tena,PastUniversityMothNight,-0.93705,-77.87916,1,forest (unknown),25/07/2024,25/07/2024,\\u407120.your-storagebox.de\backup\moths\Ecuador\Tena_PastUniversityMothNight_liftAlce_2024-07-25,AQ,,,,,Ecuador_Tena_PastUniversityMothNight_liftAlce_2024-07-25
18/09/2024 13:27:49,cuervoCInife,4.12,White felt / Fieltro blanco,programA,USA,Columbus,AmnaldoYard,39.99067,-82.83742,1,residential backyard,14/08/2024,15/08/2024,ftp://u407120@u407120.your-storagebox.de/moths/UnitedStates/Columbus_AmnaldoYard-CuervoCinife_2024-08-14,AQ,,,,,USA_Columbus_AmnaldoYard_cuervoCInife_2024-08-14
18/09/2024 14:33:49,mb8fe5a,4.12,White felt / Fieltro blanco,programA,Panama,Gamboa,Dinalab,9.11763,-76.69849,0.5,residential backyard,10/05/2024,13/05/2024,\\u407120.your-storagebox.de\backup\moths\Panama\Gamboa_Dinalab_mb8fe5a_2024-05-10,AQ,,,,,Panama_Gamboa_Dinalab_mb8fe5a_2024-05-10
18/09/2024 14:37:21,StudyCod,4.12,White felt / Fieltro blanco,programA,Panama,Gamboa,Dinalab,9.11763,-76.69849,0.5,residential backyard,16/06/2024,17/06/2024,\\u407120.your-storagebox.de\backup\moths\Panama\Gamboa_Dinalab_StudyCod_2024-06-16,AQ,,,,,Panama_Gamboa_Dinalab_StudyCod_2024-06-16
23/09/2024 07:02:50,Prizecrab,4.12,White felt / Fieltro blanco,programA,Panama,Fortuna,Quebrada Chorro- Fortuna,8.748652,-82.228831,1.60m,cloud forest / bosque nuboso,16/09/2024,20/09/2024,ftp://u407120@u407120.your-storagebox.de/moths/Panama/Fortuna_Chorro_PrizeCrab_2024-09-16,E.G.,"Fue ubicado en un arbol de Hedyosmus Bomblandianum, es un bosque de palmeras y podocarpus . MANY PHOTOS WERE CORRUPTED IN UPLOAD",,,,Panama_Fortuna_Quebrada Chorro- Fortuna_Prizecrab_2024-09-16
24/09/2024 13:37:22,AmpleBonobo,4.12,White felt / Fieltro blanco,programA,Panama,Boquete,finca el velo,8.823505,-82.489933,1.40m,mature forest / bosque maduro,18/09/2024,23/09/2024,ftp://u407120@u407120.your-storagebox.de/moths/Panama/Boquete_fincaelvelo_AmpleBonobo_2024-09-18,E.G.,colocado ene le arbol Viburnum costarricanum; altitud 1939m,,,,Panama_Boquete_finca el velo_AmpleBonobo_2024-09-18
01/10/2024 10:38:30,Accionsauro,4.12,White felt / Fieltro blanco,programA,Panama,Boquete,Finca el velo,8.820403,-82.483013,1.50m,mature forest / bosque maduro,23/09/2024,30/09/2024,ftp://u407120@u407120.your-storagebox.de/moths/Panama/Boquete_fincaelvelo_accionsauro_2024-09-23,E.G.,se sacaron más fotos del dIa 23 de septiembre que de otros dIas es posible porque habido mucha lluvia,,,,Panama_Boquete_Finca el velo_Accionsauro_2024-09-23
04/10/2024 06:47:18,AmpleBonobo,4.12,White felt / Fieltro blanco,programA,Panama,Fortuna,Sendero STRI,8.721202,-82.23832,1.30m,cloud forest / bosque nuboso,26/09/2024,01/10/2024,ftp://u407120@u407120.your-storagebox.de/moths/Panama/Fortuna_senderoStri_AmpleBonobo_2024-09-26,E.G.,,,,,Panama_Fortuna_Sendero STRI_AmpleBonobo_2024-09-26
04/10/2024 07:05:58,prizecrab,4.12,White felt / Fieltro blanco,programA,Panama,Fortuna,cerca de la entrada al sendero,8.722568,-82.237497,1.30m,cloud forest / bosque nuboso,26/09/2024,01/10/2024,ftp://u407120@u407120.your-storagebox.de/moths/Panama/Fortuna_atrasdelaestacion_prizecrab_2024-09-26,E.G.,el mothbox tenia gotas de agua dentro. pero lo coloque dentro del cuarto donde se encuentra e lextractor de humedad y ya está perfecto,,,,Panama_Fortuna_cerca de la entrada al sendero_prizecrab_2024-09-26
25/10/2024 17:59:19,AmpleBonobo,4.12,White felt / Fieltro blanco,programA (19;21;23;2;4),Panama,Fortuna,entradastri,8.721621,-82.237576,1.50m,cloud forest / bosque nuboso,22/10/2024,25/10/2024,ftp://u407120@u407120.your-storagebox.de/moths/Panama/Fortuna_entradastri_amplebonobo_2024-10-22,E.G.,la elevacion donde fue instalado es de 1214m,,,,Panama_Fortuna_entradastri_AmpleBonobo_2024-10-22
29/10/2024 14:44:43,comunLanzon,4.11,White felt / Fieltro blanco,programA (19;21;23;2;4),Panama,Oria Nursery,Oria1,7.45758,-80.14215,2,seedling nursery,19/10/2024,23/10/2024,AZDRV04,HS,"lights abruptly cut out on 3rd night, and 9:22pm (no fade out). When I plugged it in to charge the lights turned on and it started taking photos.",,,,Panama_Oria Nursery_Oria1_comunLanzon_2024-10-19
07/11/2024 13:51:18,comunLanzon,4.11,White felt / Fieltro blanco,programA (19;21;23;2;4),Panama,Oria Nursery,Oria2,7.45728,-80.14227,2,tree nursery,24/10/2024,29/10/2024,Hubert's hard drive,HS,Lasted 2.5 nights of standard schedule. Box had water pooled inside when I collected it (there were heavy rains). Maybe the box o-ring needs cleaning.,,,,Panama_Oria Nursery_Oria2_comunLanzon_2024-10-24
18/11/2024 18:39:05,FondoGorila,4.12,White felt / Fieltro blanco,programB (19;20;21;22;23;24;1;2;3;4),Panama,JosePobre,HillTopFacingOcean,9.601441,-79.632871,2,pasture,17/11/2024,18/11/2024,ftp://u407120@u407120.your-storagebox.de/moths/Panama/JosePobre_HillTopFacingOcean_FondoGorila_2024-11-17,Bri & Andy,"Cows, lasted one night, stopped at 5:30am ",,,,Panama_JosePobre_HillTopFacingOcean_FondoGorila_2024-11-17
19/11/2024 15:36:09,WaveUrta,4.12,White felt / Fieltro blanco,programB (19;20;21;22;23;24;1;2;3;4),Panama,Gamboa,RDCtop,9.1315365,-79.7259737,32,forest (unknown),14/11/2024,16/11/2024,ftp://u407120@u407120.your-storagebox.de/moths/Panama/Gamboa_RDCTop_waveUrta_2024-11-14,"AQ, KQ, BJ","Top of tower

",,,,Panama_Gamboa_RDCtop_WaveUrta_2024-11-14
19/11/2024 15:50:36,CalmoBarbo,4.12,White felt / Fieltro blanco,programB (19;20;21;22;23;24;1;2;3;4),Panama,Gamboa,RDCTopminus1level,9.1315365,-79.7259737,25,forest (unknown),14/11/2024,16/11/2024,ftp://u407120@u407120.your-storagebox.de/moths/Panama/Gamboa_RDCTopminus1level_CalmoBarbo_2024-11-14,"KQ, AQ, BJ",canopy tower minus one level,,,,Panama_Gamboa_RDCTopminus1level_CalmoBarbo_2024-11-14
20/11/2024 08:50:04,FondoGorila,4.12,White felt / Fieltro blanco,programB (19;20;21;22;23;24;1;2;3;4),Panama,JosePobre,HillTopFacingOcean,9.601345,-79.632652,2,pasture,19/11/2024,20/11/2024,do not have in deep storage,Andy Bri and Kitty,"Mounted to tree in pasture, lots of cows nearby, full moon",,,,Panama_JosePobre_HillTopFacingOcean_FondoGorila_2024-11-19
20/11/2024 08:52:57,CuatroTopo,4.12,White felt / Fieltro blanco,programB (19;20;21;22;23;24;1;2;3;4),Panama,JosePobre,HillTopFacingPasture,9.601345,-79.632652,2,pasture,18/11/2024,18/11/2024,do not have in deep storage,Andy Bri and Kitty,"Mounted to tree in pasture, facing towards the rest of the pasture (away from ocean), lots of cows, full moon, Right ring light is out",,,,Panama_JosePobre_HillTopFacingPasture_CuatroTopo_2024-11-18
20/11/2024 09:12:16,fondoGorila,4.12,White felt / Fieltro blanco,programB (19;20;21;22;23;24;1;2;3;4),Panama,Gamboa,RDCTopminus2Level,9.1315365,-79.7259737,15,forest (unknown),14/11/2024,16/11/2024,do not have in deep storage,AQ KQ BJ,Top minus two level of tower,,,,Panama_Gamboa_RDCTopminus2Level_fondoGorila_2024-11-14
20/11/2024 09:23:37,comerLicaon,4.12,White felt / Fieltro blanco,programB (19;20;21;22;23;24;1;2;3;4),Panama,Gamboa,RDCbottom,9.1315365,-79.7259737,2,forest (unknown),14/11/2024,16/11/2024,ftp://u407120@u407120.your-storagebox.de/moths/Panama/Gamboa_RDCbottom_comerLicaon_2024-11-14,AQ KQ BJ,next to tower on tree,,,,Panama_Gamboa_RDCbottom_comerLicaon_2024-11-14
29/11/2024 11:45:42,Amplebonobo,4.12,White felt / Fieltro blanco,programA (19;21;23;2;4),Panama,Fortuna,casaverde,8.722154,-82.237716,1.30m,forest (unknown),25/11/2024,29/11/2024,don't have in deep storage,E.G.,"Not in deep storage, MANY DAYTIME FOTOS mean bad detections",,,,Panama_Fortuna_casaverde_Amplebonobo_2024-11-25
02/12/2024 14:32:55,CalmoBarbo,4.12,White felt / Fieltro blanco,programB (19;20;21;22;23;24;1;2;3;4),Panama,Gamboa,BriYardSibert,9.11793,79.69717,1.5,forest (unknown),30/11/2024,01/12/2024,Hubert has USB,Bri,,,,,Panama_Gamboa_BriYardSibert_CalmoBarbo_2024-11-30
06/12/2024 11:15:09,CuatroTopo,4.12,White felt / Fieltro blanco,programA (19;21;23;2;4),Panama,Gamboa,BriYardSibert,9.11795,-79.69717,1.5,yard,30/11/2024,02/12/2024,ftp://u407120@u407120.your-storagebox.de/moths/Panama/Gamboa_BriYardSibert_CuatroTopo_2024-11-30,Bri,,,,,Panama_Gamboa_BriYardSibert_CuatroTopo_2024-11-30
19/12/2024 15:09:26,WaveUrta,4.12,White felt / Fieltro blanco,programA (19;21;23;2;4),Panama,Gamboa,RadioHill,9.1382772,-79.726535,1.5,forest (unknown),12/12/2024,17/12/2024,Harddrive B,"KQ, AQ, BJ",,,,,Panama_Gamboa_RadioHill_WaveUrta_2024-12-12
19/12/2024 15:22:35,ComerLicaon,4.12,White felt / Fieltro blanco,programA (19;21;23;2;4),Panama,Gamboa,RadiohillCampsite,9.138991,-79.726121,1.5,forest (unknown),12/12/2024,17/12/2024,Harddrive B,"BJ, AQ, KQ",,,,,Panama_Gamboa_RadiohillCampsite_ComerLicaon_2024-12-12
19/12/2024 15:28:34,CuatroTopo,4.12,White felt / Fieltro blanco,programA (19;21;23;2;4),Panama,Luciernagas,treenearriver,8.465448,-80.595323,1.5,Clear land near cow pasture,14/12/2024,16/12/2024,do not have yet,"BJ,AQ,KQ",Was taking photos at odd times (skipped 2am one night and 4am the other) and wouldn't turn on immediately the first night,,,,Panama_Luciernagas_treenearriver_CuatroTopo_2024-12-14
02/01/2025 11:52:36,GradoVerdin,4.12,White felt / Fieltro blanco,programA (19;21;23;2;4),Panama,RDC,TiburonTree,9.1307728,-79.7266503,1.5,forest (unknown),30/12/2024,01/01/2025,HDA,"AQ, KQ, BJ",ERRORLooks like its lights for photos didnt turn on,,,,Panama_RDC_TiburonTree_GradoVerdin_2024-12-30
02/01/2025 11:54:36,wingedhapuku,4.12,White felt / Fieltro blanco,programA (19;21;23;2;4),Panama,RDC,Pond,9.131669,-79.728408,2,jungle pond,30/12/2024,01/01/2025,HDA,AQKQBJ,,,,,Panama_RDC_Pond_wingedhapuku_2024-12-30
02/01/2025 12:12:16,Amplebonobo,4.12,White felt / Fieltro blanco,programA (19;21;23;2;4),Panama,Fortuna,Garciniastri,8.722369,-82.237701,1.50 metros,cloud forest / bosque nuboso,26/12/2024,29/12/2024,https://drive.google.com/drive/folders/1TJNZOs791sYNpbuKY-VMVbtoAV2Bowdu?usp=drive_link,E.G.,,,,,Panama_Fortuna_Garciniastri_Amplebonobo_2024-12-26
02/01/2025 13:19:56,comerLicaon,4.12,White felt / Fieltro blanco,programA (19;21;23;2;4),Panama,RDC,RDCbottom,9.131149,-79.725606,1.5,forest (unknown),30/12/2024,01/01/2025,HDA,AQKQBJ,bottom of twower,,,,Panama_RDC_RDCbottom_comerLicaon_2024-12-30
02/01/2025 13:23:00,FlatHapuku,4.12,White felt / Fieltro blanco,programA (19;21;23;2;4),Panama,RDC,RDCTOP,9.131149,-79.725606,32,forest (unknown),30/12/2024,01/01/2025,HDA,AQKQBJ,Top of tower new moon. Pictures kind of dark.,,,,Panama_RDC_RDCTOP_FlatHapuku_2024-12-30
02/01/2025 13:25:49,waveUrta,4.12,White felt / Fieltro blanco,programA (19;21;23;2;4),Panama,RDC,RDCfirstfloor,9.131149,-79.725606,8,forest (unknown),30/12/2024,01/01/2025,HDA,AQKQBJ,1st floor canopy tower,,,,Panama_RDC_RDCfirstfloor_waveUrta_2024-12-30
02/01/2025 13:27:53,cuatroTopo,4.12,White felt / Fieltro blanco,programA (19;21;23;2;4),Panama,RDC,RDCthirdfloor,9.131149,-79.725606,24,forest (unknown),30/12/2024,01/01/2025,HDA,AQKQBJ,TOpfloor minus 1,,,,Panama_RDC_RDCthirdfloor_cuatroTopo_2024-12-30
02/01/2025 13:31:54,ComerLicaon,4.12,White felt / Fieltro blanco,programA (19;21;23;2;4),Panama,Elton,HouseWindow,8.849203,-82.543564,1.5,forest (unknown),01/01/2025,02/01/2025,HDA,AQ,,,,,Panama_Elton_HouseWindow_ComerLicaon_2025-01-01
07/01/2025 09:20:57,ComerLicaon,4.12,White felt / Fieltro blanco,programA (19;21;23;2;4),Panama,Elton,Bench,8.84903,-82.54372,1.5,forest (unknown),02/01/2025,03/01/2025,HDA,"AQ, Bri",,Mothbeam v2,,,Panama_Elton_Bench_ComerLicaon_2025-01-02
07/01/2025 09:22:48,CuatroTopo,4.12,White felt / Fieltro blanco,programA (19;21;23;2;4),Panama,Elton,Woods,8.84893,-82.54372,1.5,forest (unknown),02/01/2025,03/01/2025,HDA,"Bri, AQ",,Mothbeam v2,,,Panama_Elton_Woods_CuatroTopo_2025-01-02
07/01/2025 09:32:09,CuatroTopo ,4.13,White felt / Fieltro blanco,programA (19;21;23;2;4),Panama,Boquete,Houseside,8.72997,-82.42962,1.75,yard,03/01/2025,05/01/2025,HDA,AQ,,Mothbeam v2,,,Panama_Boquete_Houseside_CuatroTopo _2025-01-03
07/01/2025 09:37:43,ComerLicaon,4.13,White felt / Fieltro blanco,programA (19;21;23;2;4),Panama,Boquete,Housetree,8.72983,-82.42962,1.5,yard,04/01/2025,05/01/2025,HDA,AQ,,Mothbeam v2,,,Panama_Boquete_Housetree_ComerLicaon_2025-01-04
09/01/2025 16:44:53,WaveUrta,4.13,White felt / Fieltro blanco,programA (19;21;23;2;4),Panama,Gamboa,RadioHill,9.13904,-79.72601,1.5,forest (unknown),08/01/2025,10/01/2025,N/A,AQ/Bri/KQ,,Mothbeam v2,,,Panama_Gamboa_RadioHill_WaveUrta_2025-01-08
09/01/2025 16:46:20,WingedHapuku,4.13,White felt / Fieltro blanco,programA (19;21;23;2;4),Panama,Gamboa,RadioHill,9.13817,-79.73649,1.5,forest (unknown),08/01/2025,10/01/2025,N/A,"Bri,AQ,KQ",,Mothbeam v2,,,Panama_Gamboa_RadioHill_WingedHapuku_2025-01-08
14/01/2025 11:22:06,FondoGorila,4.14,White felt / Fieltro blanco,programA (19;21;23;2;4),Panama,Gamboa,BriYard,9.1162,-79.69883,1,forest (unknown),13/01/2025,14/01/2025,HDA,Bri,died at 4:30am (started with 75% charge),Mothbeam v2,internal - top of box,,Panama_Gamboa_BriYard_FondoGorila_2025-01-13
14/01/2025 11:35:41,WingedHapuku,4.14,White felt / Fieltro blanco,programA (19;21;23;2;4),Panama,Gamboa,BriYard,9.11611,-79.69886,1,forest (unknown),13/01/2025,14/01/2025,HDA,Bri,,Mothbeam v1,internal - top of box,,Panama_Gamboa_BriYard_WingedHapuku_2025-01-13
16/01/2025 17:32:50,GradoVerdin,4.14,White felt / Fieltro blanco,programA (19;21;23;2;4),Panama,Gamboa,BriYard,9.11614,-79.69875,1,forest (unknown),14/01/2025,15/01/2025,HDA,Bri,,Mothbeam v1,internal - top of box,,Panama_Gamboa_BriYard_GradoVerdin_2025-01-14
18/01/2025 09:41:43,PrizeCrab,4.14,White felt / Fieltro blanco,programA (19;21;23;2;4),Panama,Gamboa,BriYard,9.13817,-79.73649,1.5,forest (unknown),17/01/2025,18/01/2025,HDA HDB and deep storage,Bri,,Mothbeam v1,internal - top of box,,Panama_Gamboa_BriYard_PrizeCrab_2025-01-17
18/01/2025 16:15:31,AccionSauro,4.14,White felt / Fieltro blanco,programA (19;21;23;2;4),Panama,Gamboa,BriYard,9.11614,-79.69875,1,forest (unknown),16/01/2025,16/01/2025,HDA and B,bri,,Mothbeam v1,internal - top of box,,Panama_Gamboa_BriYard_AccionSauro_2025-01-16
18/01/2025 16:19:50,FlatHapuku,4.14,White felt / Fieltro blanco,programA (19;21;23;2;4),Panama,Gamboa,BriYard,9.11609,-79.69874,1,forest (unknown),16/01/2025,17/01/2025,HDA and B,bri,,Mothbeam v1,internal - top of box,,Panama_Gamboa_BriYard_FlatHapuku_2025-01-16
19/01/2025 09:28:45,CuervoCinife,4.14,White felt / Fieltro blanco,programA (19;21;23;2;4),Panama,Gamboa,BriYard,9.11614,-79.69875,1.5,forest (unknown),18/01/2025,19/01/2025,bri,bri,,Mothbeam v1,internal - top of box,,Panama_Gamboa_BriYard_CuervoCinife_2025-01-18
20/01/2025 07:48:21,CuervoCinife,4.14,White felt / Fieltro blanco,programA (19;21;23;2;4),Panama,Gamboa,BriYard,9.11614,-79.69875,1.5,forest (unknown),19/01/2025,20/01/2025,bri,bri,,Mothbeam v1,internal - top of box,,Panama_Gamboa_BriYard_CuervoCinife_2025-01-19
21/01/2025 11:39:23,AccionSauro,4.14,White felt / Fieltro blanco,programA (19;21;23;2;4),Panama,Gamboa,BriYard,9.11609,-79.69874,1.5,forest (unknown),20/01/2025,21/01/2025,bri ,bri,,Mothbeam v1,internal - top of box,,Panama_Gamboa_BriYard_AccionSauro_2025-01-20
31/01/2025 15:08:18,bothDeer,4.14,White felt / Fieltro blanco,programA (19;21;23;2;4),Panama,Hoya,119m,7.34881,-80.78596,1.5,pasture,26/01/2025,29/01/2025,HDB,"HS, AQ, Bri","119m elevation. In Juan Velazques' yard, at the top of a bluff, overlooking banana patch and secondary forest. Connected to solar panel. ",Mothbeam v2,internal - top of box,,Panama_Hoya_119m_bothDeer_2025-01-26
31/01/2025 15:12:09,unrulyArao,4.14,White felt / Fieltro blanco,programA (19;21;23;2;4),Panama,Hoya,163m,7.34787,-80.78324,1.5,natural regeneration forest / regeneración natural,26/01/2025,29/01/2025,HDB,"HS, AQ, Bri",163m elevation. 2nd battery added.,Mothbeam v2,internal - top of box,,Panama_Hoya_163m_unrulyArao_2025-01-26
31/01/2025 15:16:12,doubleParina,4.14,White felt / Fieltro blanco,programA (19;21;23;2;4),Panama,Hoya,168m,7.34686,-80.78232,2,Gmelina and natural regeneration,26/01/2025,29/01/2025,HDB,"HS, AQ, Bri","168m elevation. Area was cleared, had relatively low density Gmelina planted, natural regeneration filled in. 2nd battery added. Had corrupted images but now fixed",Mothbeam v2,internal - top of box,,Panama_Hoya_168m_doubleParina_2025-01-26
31/01/2025 15:19:23,liquidSerau,4.14,White felt / Fieltro blanco,programA (19;21;23;2;4),Panama,Hoya,202m,7.34706,-80.78131,2,teak plantation / tecal,26/01/2025,29/01/2025,did not take photos,"HS, AQ, Bri","202m elevation. Area deforested, then Teak and Gmelina planted. Some natural regeneration filled in. 2nd battery added. DID NOT TAKE PHOTOS",Mothbeam v2,internal - top of box,,Panama_Hoya_202m_liquidSerau_2025-01-26
31/01/2025 15:22:17,adeptTurca,4.14,White felt / Fieltro blanco,programA (19;21;23;2;4),Panama,Hoya,277m,7.3455,-80.7806,1.5,natural regeneration forest / regeneración natural,26/01/2025,29/01/2025,HDA and B,"HS, AQ, Bri",277m elevation. Boundary between low-density Gmelina plantation and mature natural regeneration. 2nd battery added. corrupted images but fixed,Mothbeam v2,internal - top of box,,Panama_Hoya_277m_adeptTurca_2025-01-26
31/01/2025 15:27:29,flatHapuku,4.14,White felt / Fieltro blanco,programA (19;21;23;2;4),Panama,Hoya,310m,7.34552,-80.77974,1.7,mature forest / bosque maduro,26/01/2025,29/01/2025,HDA and B,"HS, AQ, Bri",310m elevation. 2nd battery added. Mature forest with evidence of selective logging. Photos dim.,Mothbeam v2,internal - top of box,,Panama_Hoya_310m_flatHapuku_2025-01-26
31/01/2025 15:32:38,calmoBarbo,4.14,White felt / Fieltro blanco,programA (19;21;23;2;4),Panama,Hoya,408m,7.34419,-80.77756,1.7,mature forest / bosque maduro,26/01/2025,29/01/2025,HDA and B,"HS, AQ, Bri",408m elevation. 2nd battery added. Mature forest with evidence of selective logging. Ring lights stopped working on last night.,Mothbeam v2,internal - top of box,,Panama_Hoya_408m_calmoBarbo_2025-01-26
31/01/2025 15:35:24,prizeCrab,4.14,White felt / Fieltro blanco,programA (19;21;23;2;4),Panama,Hoya,505m,7.34341,-80.77544,1.7,mature forest / bosque maduro,26/01/2025,29/01/2025,HDA and B,"HS, AQ, Bri",505m elevation. 2nd battery added. This mothbox (and others at higher elevations in Cerro Hoya) in relatively untouched forest. Corrupted images on last night but now fixed,Mothbeam v2,internal - top of box,,Panama_Hoya_505m_prizeCrab_2025-01-26
31/01/2025 15:37:50,grisMejua,4.14,White felt / Fieltro blanco,programA (19;21;23;2;4),Panama,Hoya,606m,7.34191,-80.77237,1.5,mature forest / bosque maduro,26/01/2025,29/01/2025,HDA and B,"HS, AQ, Bri",606m elevation. 2nd battery added. Corrupted images but was fixed,Mothbeam v2,internal - top of box,,Panama_Hoya_606m_grisMejua_2025-01-26
31/01/2025 15:40:38,remoteAhulla,4.14,White felt / Fieltro blanco,programA (19;21;23;2;4),Panama,Hoya,714m,7.34265,-80.768,1.7,mature forest / bosque maduro,26/01/2025,29/01/2025,HDA and B,"HS, AQ, Bri",714m elevation. 2nd battery added,Mothbeam v2,internal - top of box,,Panama_Hoya_714m_remoteAhulla_2025-01-26
31/01/2025 15:42:35,liftAlce,4.14,White felt / Fieltro blanco,programA (19;21;23;2;4),Panama,Hoya,812m,7.34309,-80.76558,2,mature forest / bosque maduro,26/01/2025,29/01/2025,HDA and B,"HS, AQ, Bri",812m elevation. 2nd battery added. Was turning on even though its disarmed. Dim photos,Mothbeam v2,internal - top of box,,Panama_Hoya_812m_liftAlce_2025-01-26
31/01/2025 15:45:23,layerMomoto,4.14,White felt / Fieltro blanco,programA (19;21;23;2;4),Panama,Hoya,916m,7.3441,-80.76349,1.8,mature forest / bosque maduro,26/01/2025,29/01/2025,HDA and B,"HS, AQ, Bri",916m elevation. 2nd battery added. Glare blocker needs to be painted opaque ,Mothbeam v2,internal - top of box,,Panama_Hoya_916m_layerMomoto_2025-01-26
31/01/2025 15:48:39,accionSauro,4.14,White felt / Fieltro blanco,programA (19;21;23;2;4),Panama,Hoya,1004m,7.34252,-80.75922,1.8,mature forest / bosque maduro,26/01/2025,29/01/2025,HDA and B,"HS, AQ, Bri",1004m elevation. 2nd battery added.,Mothbeam v2,internal - top of box,,Panama_Hoya_1004m_accionSauro_2025-01-26
31/01/2025 15:58:01,cuervoCinife,4.14,White felt / Fieltro blanco,programA (19;21;23;2;4),Panama,Hoya,1110m,7.34067,-80.75753,2,mature forest / bosque maduro,26/01/2025,29/01/2025,HDA and B,"HS, AQ, Bri",1110m elevation. 2nd battery added.,Mothbeam v2,internal - top of box,,Panama_Hoya_1110m_cuervoCinife_2025-01-26
31/01/2025 16:00:01,lightPotoro,4.14,White felt / Fieltro blanco,programA (19;21;23;2;4),Panama,Hoya,1204m,7.33658,-80.75681,1.7,mature forest / bosque maduro,26/01/2025,29/01/2025,HDA and B,"HS, AQ, Bri",1204m elevation. 2nd battery added. Corrupted images,Mothbeam v2,internal - top of box,,Panama_Hoya_1204m_lightPotoro_2025-01-26
31/01/2025 16:02:14,alertTollo,4.14,White felt / Fieltro blanco,programA (19;21;23;2;4),Panama,Hoya,1300m,7.33207,-80.75293,1.5,cloud forest / bosque nuboso,26/01/2025,29/01/2025,HDA and B,"HS, AQ, Bri",1300m elevation. 2nd battery added. Co-located with audiomoth2 deployment,Mothbeam v2,internal - top of box,,Panama_Hoya_1300m_alertTollo_2025-01-26
31/01/2025 16:06:14,fondoGorila,4.14,White felt / Fieltro blanco,programA (19;21;23;2;4),Panama,Hoya,1416m,7.32779,-80.74805,1.7,cloud forest / bosque nuboso,27/01/2025,29/01/2025,HDA and B,"HS, AQ, Bri",1416m elevation. 2nd small battery added. Was entirely discharged (no lights on anywhere) at collection. The epoxy for the lens was cracked. Perhaps overheated? Lasted 1 1/2 nights,Mothbeam v2,internal - top of box,,Panama_Hoya_1416m_fondoGorila_2025-01-27
31/01/2025 16:08:43,waveUrta,4.14,White felt / Fieltro blanco,programA (19;21;23;2;4),Panama,Hoya,1508m,7.32393,-80.74752,2,cloud forest / bosque nuboso,27/01/2025,29/01/2025,HDA and B,"HS, AQ, Bri",1508m elevation. Corrupted images but was fixed,Mothbeam v2,internal - top of box,,Panama_Hoya_1508m_waveUrta_2025-01-27
31/01/2025 16:11:17,wingedHapuku,4.14,White felt / Fieltro blanco,programA (19;21;23;2;4),Panama,Hoya,1534m,7.32318,-80.74697,1.7,cloud forest / bosque nuboso,27/01/2025,29/01/2025,HDA and B,"HS, AQ, Bri",1534m elevation,Mothbeam v2,internal - top of box,,Panama_Hoya_1534m_wingedHapuku_2025-01-27
08/04/2025 11:17:14,AlertTollo,4.14,White felt / Fieltro blanco,programB (19;20;21;22;23;24;1;2;3;4),Panama,OriaNursery,Nursery,7.45739,-80.14197,1,OriaNursery,05/02/2025,06/02/2025,HS HD,HS,,Mothbeam v2,internal - top of box,,Panama_OriaNursery_Nursery_AlertTollo_2025-02-05
12/04/2025 16:13:57,DobleParina,4.15,White felt / Fieltro blanco,programA (19;21;23;2;4),Panama,SantaFe,XXX,8.49404,-81.06891,1.7,backyard,23/03/2025,25/03/2025,HS HD,HS,Charged between nights,Mothbeam v2,internal - top of box,,Panama_SantaFe_XXX_DobleParina_2025-03-23
12/04/2025 16:17:40,WingedHapuku,4.14,White felt / Fieltro blanco,programB (19;20;21;22;23;24;1;2;3;4),Panama,OriaNursery,Nursery,7.45739,-80.14197,1,Nursery,05/02/2025,06/02/2025,HS HD,HS,had visibly the most bugs,Mothbeam v2,internal - top of box,,Panama_OriaNursery_Nursery_WingedHapuku_2025-02-05
12/04/2025 16:21:47,GrisMejua,4.14,White felt / Fieltro blanco,programB (19;20;21;22;23;24;1;2;3;4),Panama,OriaNursery,Nursery,7.45739,-80.14197,1,nursery,05/02/2025,06/02/2025,HS HD,HS,"Scoop ; acted weird, lights turned on at 7 but not 8; was on at 7:30am",Mothbeam v2,internal - top of box,,Panama_OriaNursery_Nursery_GrisMejua_2025-02-05
12/04/2025 16:22:07,PrizeCrab,4.14,White felt / Fieltro blanco,programB (19;20;21;22;23;24;1;2;3;4),Panama,OriaNursery,Nursery,7.45739,-80.14197,1,nursery,05/02/2025,06/02/2025,HS HD,HS,,Mothbeam v2,internal - top of box,,Panama_OriaNursery_Nursery_PrizeCrab_2025-02-05
12/04/2025 16:22:44,DobleParina,4.14,White felt / Fieltro blanco,programB (19;20;21;22;23;24;1;2;3;4),Panama,OriaNursery,Nursery,7.45739,-80.14197,1,nursery,05/02/2025,06/02/2025,HS HD,HS,,Mothbeam v2,internal - top of box,,Panama_OriaNursery_Nursery_DobleParina_2025-02-05
12/04/2025 16:23:04,LightPotoro,4.14,White felt / Fieltro blanco,programB (19;20;21;22;23;24;1;2;3;4),Panama,OriaNursery,Nursery,7.45739,-80.14197,1,nursery,05/02/2025,06/02/2025,HS HD,HS,Scoop,Mothbeam v2,internal - top of box,,Panama_OriaNursery_Nursery_LightPotoro_2025-02-05
12/04/2025 16:23:57,LayerMomoto,4.14,White felt / Fieltro blanco,programB (19;20;21;22;23;24;1;2;3;4),Panama,OriaNursery,Nursery,7.45739,-80.14197,1,nursery,05/02/2025,06/02/2025,HS HD,HS,Scoop ,Mothbeam v2,internal - top of box,,Panama_OriaNursery_Nursery_LayerMomoto_2025-02-05
15/04/2025 09:37:04,UnrulyArao,4.14,White felt / Fieltro blanco,programB (19;20;21;22;23;24;1;2;3;4),Panama,OriaNursery,Nursery,7.45739,-80.14197,1,nursery,05/02/2025,06/02/2025,HS HD,HS,Scoop,Mothbeam v2,internal - top of box,,Panama_OriaNursery_Nursery_UnrulyArao_2025-02-05
15/04/2025 09:41:56,CuervoCinife,4.14,White felt / Fieltro blanco,programB (19;20;21;22;23;24;1;2;3;4),Panama,OriaNursery,Nursery,7.45739,-80.14197,1,nursery,05/02/2025,06/02/2025,HS HD,HS,,Mothbeam v2,internal - top of box,,Panama_OriaNursery_Nursery_CuervoCinife_2025-02-05
15/04/2025 09:42:49,RemoteAhulla,4.14,White felt / Fieltro blanco,programB (19;20;21;22;23;24;1;2;3;4),Panama,OriaNursery,Nursery,7.45739,-80.14197,1,nursery,05/02/2025,06/02/2025,HS HD,HS,scoop,Mothbeam v2,internal - top of box,,Panama_OriaNursery_Nursery_RemoteAhulla_2025-02-05
15/04/2025 09:46:43,cuervoCinife,4.15,White felt / Fieltro blanco,programA (19;21;23;2;4),Panama,Azuero,EcoVenaoAZ028,7.44438,-80.20661,1.6,assisted reforestation / reforestación asistida,09/04/2025,11/04/2025,Data Hubert,"HS, BJ, DM, JS",,Mothbeam v2,internal - top of box,,Panama_Azuero_EcoVenaoAZ028_cuervoCinife_2025-04-09
15/04/2025 09:49:00,UnrulyArao,4.15,White felt / Fieltro blanco,programA (19;21;23;2;4),Panama,Azuero,EcoVenaoAZ033,7.44692,-80.29111,1.5,mature forest / bosque maduro,11/04/2025,15/04/2025,Data de Hubert,"DM,BJ,JS",,Mothbeam v2,internal - top of box,,Panama_Azuero_EcoVenaoAZ033_UnrulyArao_2025-04-11
15/04/2025 09:49:30,wingedHapuku,4.15,White felt / Fieltro blanco,programA (19;21;23;2;4),Panama,Azuero,EcoVenaoAZ034,7.44692,-80.20664,1.2,mature forest / bosque maduro,09/04/0025,11/04/2025,Data Hubert,"HS,BJ,DM,JS",,Mothbeam v2,internal - top of box,,Panama_Azuero_EcoVenaoAZ034_wingedHapuku_0025-04-09
15/04/2025 09:50:21,BothDeer,4.15,White felt / Fieltro blanco,programA (19;21;23;2;4),Panama,Azuero,EcoVenaoAZ022,7.44198,-80.20664,1.5,natural regeneration forest / regeneración natural,11/04/2025,15/02/2025,data de hubert,"DM,JS,BJ",,Mothbeam v2,internal - top of box,,Panama_Azuero_EcoVenaoAZ022_BothDeer_2025-04-11
15/04/2025 09:51:49,alertTollo,4.15,White felt / Fieltro blanco,programA (19;21;23;2;4),Panama,Azuero,EcoVenadoAZ024,7.44185,-80.20155,1.3,assisted reforestation / reforestación asistida,09/04/2025,11/04/2025,Data Hubert,"HS,BJ,DM,JS",,Mothbeam v2,internal - top of box,,Panama_Azuero_EcoVenadoAZ024_alertTollo_2025-04-09
15/04/2025 09:52:29,FlatHapuku,4.15,White felt / Fieltro blanco,programA (19;21;23;2;4),Panama,Azuero,EcoVenaoAZ017,7.43951,-80.20911,1.3,teak plantation / tecal,11/04/2025,15/04/2025,data de hubert,"DM,JS,BJ",,Mothbeam v2,internal - top of box,,Panama_Azuero_EcoVenaoAZ017_FlatHapuku_2025-04-11
15/04/2025 09:53:33,layerMomoto,4.15,White felt / Fieltro blanco,programA (19;21;23;2;4),Panama,Azuero,EcoVenaoAZ020,7.43951,-80.2017,1,teak plantation / tecal,09/04/2025,11/04/2025,Data Hubert,"HS,BJ,DM,JS",,Mothbeam v2,internal - top of box,,Panama_Azuero_EcoVenaoAZ020_layerMomoto_2025-04-09
15/04/2025 09:55:42,CalmoBarbo,4.15,White felt / Fieltro blanco,programA (19;21;23;2;4),Panama,Azuero,EcoVenaoAZ018,7.43951,-80.20664,1.5,teak plantation / tecal,11/04/2025,15/04/2025,data de hubert,"JS,BJ,DM",,Mothbeam v2,internal - top of box,,Panama_Azuero_EcoVenaoAZ018_CalmoBarbo_2025-04-11
15/04/2025 10:03:42,remoteAhulla,4.15,White felt / Fieltro blanco,programA (19;21;23;2;4),Panama,Azuero,AbilioPON038,7.48892,-80.31534,1.8,natural regeneration forest / regeneración natural,10/04/2025,14/04/2025,Data Hubert,"DM,JS,BJ",,Mothbeam v2,internal - top of box,,Panama_Azuero_AbilioPON038_remoteAhulla_2025-04-10
15/04/2025 10:05:06,lightPotoro,4.15,White felt / Fieltro blanco,programA (19;21;23;2;4),Panama,Azuero,AbilioPON043,7.49139,-80.31287,1.5,mature forest / bosque maduro,10/04/2025,14/04/2025,Data Hubert,"DM,JS,BJ",,Mothbeam v2,internal - top of box,,Panama_Azuero_AbilioPON043_lightPotoro_2025-04-10
15/04/2025 10:06:36,fondoGorila,4.15,White felt / Fieltro blanco,programA (19;21;23;2;4),Panama,Azuero,AbilioPON039,7.48902,-80.31282,1.5,mature forest / bosque maduro,10/04/2025,14/04/2025,Data Hubert,"DM,JS,BJ",,Mothbeam v2,internal - top of box,,Panama_Azuero_AbilioPON039_fondoGorila_2025-04-10
15/04/2025 10:08:09,prizeCrab,4.15,White felt / Fieltro blanco,programA (19;21;23;2;4),Panama,Azuero,AbilioPON045,7.49386,-80.31781,1.5,teak plantation / tecal,10/04/2025,14/04/2025,Data Hubert,"DM,JS,BJ",,Mothbeam v2,internal - top of box,,Panama_Azuero_AbilioPON045_prizeCrab_2025-04-10
15/04/2025 10:09:38,dobleParina,4.15,White felt / Fieltro blanco,programA (19;21;23;2;4),Panama,Azuero,AbilioPON046,7.50339,-80.32021,1.5,natural regeneration forest / regeneración natural,10/04/2025,14/04/2025,Data Hubert,"DM,JS,BJ",,Mothbeam v2,internal - top of box,,Panama_Azuero_AbilioPON046_dobleParina_2025-04-10
22/05/2025 15:56:08,AccionSauro,4.15,White felt / Fieltro blanco,programA (19;21;23;2;4),Panama,Gamboa,MayJayYard,9.115622,-79.69889,1.5,residential backyard,19/05/2025,21/05/2025,HDA,"KQ, Bri","regular, both lights on; 5.96m between accion sauro and Fondo gorila; all the way to the left side when facing from MayJay house",Mothbeam v2,internal - top of box,,Panama_Gamboa_MayJayYard_AccionSauro_2025-05-19
22/05/2025 15:58:27,FondoGorila,4.15,White felt / Fieltro blanco,programA (19;21;23;2;4),Panama,Gamboa,MayJayYard,9.11555,-79.69892,1.5,residential backyard,19/05/2025,21/05/2025,HDA,"Bri, KQ",visible light only; placed in the middle; 5.7 m between Fondogorila and WingedHapuku; 5.96m between accion sauro and Fondo gorila,v2 visible light only,internal - top of box,,Panama_Gamboa_MayJayYard_FondoGorila_2025-05-19
22/05/2025 16:02:10,WingedHapuku,4.15,White felt / Fieltro blanco,programA (19;21;23;2;4),Panama,Gamboa,MayJayYard,9.11546,-79.69879,1.5,residential backyard,19/05/2025,21/05/2025,HDA,"KQ, Bri",UV only; 5.7 m between Fondogorila and WingedHapuku; all the way on the right when facing from MayandJay house,v2 UV only,internal - top of box,,Panama_Gamboa_MayJayYard_WingedHapuku_2025-05-19
23/05/2025 15:15:02,AdeptTurca,4.15,White felt / Fieltro blanco,programA (19;21;23;2;4),Panama,Gamboa,MayJayYard,9.115622,-79.69889,1.5,residential backyard,21/05/2025,23/05/2025,HDA,"KQ, Bri",only UV lights; 5.96m between adeptturca and waveurta; all the way to the left side when facing from MayJay house,v2 UV only,internal - top of box,,Panama_Gamboa_MayJayYard_AdeptTurca_2025-05-21
23/05/2025 15:17:12,WaveUrta,4.15,White felt / Fieltro blanco,programA (19;21;23;2;4),Panama,Gamboa,MayJayYard,9.11555,-79.69892,1.5,residential backyard,21/05/2025,23/05/2025,HDA,"KQ, Bri", both lights (regular); placed in the middle; 5.7 m between waveurta and grismejua; 5.96m between adeptturca and waveurta,Mothbeam v2,internal - top of box,,Panama_Gamboa_MayJayYard_WaveUrta_2025-05-21
23/05/2025 15:20:37,GrisMejua,4.15,White felt / Fieltro blanco,programA (19;21;23;2;4),Panama,Gamboa,MayJayYard,9.11546,-79.69879,1.5,residential backyard,21/05/2025,23/05/2025,HDA,"Bri, KQ",Visible light only; 5.7 m between waveurta and grismejua; all the way on the right when facing from MayandJay house,v2 visible light only,internal - top of box,,Panama_Gamboa_MayJayYard_GrisMejua_2025-05-21
29/05/2025 14:58:22,WingedHapuku,4.15,White felt / Fieltro blanco,programA (19;21;23;2;4),Panama,Gamboa,MayJayYard,9.1155538,-79.6989163,1.5,residential backyard,27/05/2025,28/05/2025,HDA,"Bri,KQ",UV only; placed in the middle; 5.7 m between Fondogorila and WingedHapuku; 5.96m between waveurta and wingedhapuku,v2 UV only,internal - top of box,,Panama_Gamboa_MayJayYard_WingedHapuku_2025-05-27
29/05/2025 15:10:34,WaveUrta,4.15,White felt / Fieltro blanco,programA (19;21;23;2;4),Panama,Gamboa,MayJayYard,9.1154618,-79.6987905,1.5,residential backyard,27/05/2025,29/05/2025,HDA,"Bri,KQ","regular mothbeam v2; placed all the way to the right, 5.96m between waveurta and wingedhapuku",Mothbeam v2,internal - top of box,,Panama_Gamboa_MayJayYard_WaveUrta_2025-05-27
08/06/2025 14:22:21,BothDeer,4.15,White felt / Fieltro blanco,programA (19;21;23;2;4),Panama,Gamboa,BriYard,9.11614,-79.69875,1.5,residentialbackyard,06/06/2025,07/06/2025,HDA,Bri,,Mothbeam v2,internal - top of box,,Panama_Gamboa_BriYard_BothDeer_2025-06-06
08/06/2025 14:22:39,AlertTollo,4.15,White felt / Fieltro blanco,programA (19;21;23;2;4),Panama,Gamboa,BriYard,9.11614,-79.69875,1.5,residentialbackyard,06/06/2025,07/06/2025,HDA,Bri,,Mothbeam v2,internal - top of box,,Panama_Gamboa_BriYard_AlertTollo_2025-06-06
08/06/2025 14:22:56,AdeptTurca,4.15,White felt / Fieltro blanco,programA (19;21;23;2;4),Panama,Gamboa,BriYard,9.11614,-79.69875,1.5,residentialbackyard,06/06/2025,07/06/2025,HDA,Bri,,Mothbeam v2,internal - top of box,,Panama_Gamboa_BriYard_AdeptTurca_2025-06-06
08/06/2025 14:23:24,WaveUrta,4.15,White felt / Fieltro blanco,programA (19;21;23;2;4),Panama,Gamboa,BriYard,9.11614,-79.69875,1.5,residentialbackyard,06/06/2025,07/06/2025,HDA,Bri,,Mothbeam v2,internal - top of box,,Panama_Gamboa_BriYard_WaveUrta_2025-06-06
08/06/2025 14:23:48,WingedHapuku,4.15,White felt / Fieltro blanco,programA (19;21;23;2;4),Panama,Gamboa,BriYard,9.11614,-79.69875,1.5,residentialbackyard,06/06/2025,07/06/2025,HDA,Bri,,Hacked Mothbeam v2,internal - top of box,,Panama_Gamboa_BriYard_WingedHapuku_2025-06-06
08/06/2025 14:24:06,AccionSauro,4.15,White felt / Fieltro blanco,programA (19;21;23;2;4),Panama,Gamboa,BriYard,9.11614,-79.69875,1.5,residentialbackyard,06/06/2025,07/06/2025,NA,Bri,,Mothbeam v2,internal - top of box,,Panama_Gamboa_BriYard_AccionSauro_2025-06-06
09/06/2025 13:31:20,AlertTollo,4.15,White felt / Fieltro blanco,programA (19;21;23;2;4),China,Shenzhen,Ecopark,22.57709,113.929291,1,park,19/05/2025,19/05/2025,USB,AQ,,Mothbeam v2,internal - top of box,,China_Shenzhen_Ecopark_AlertTollo_2025-05-19
10/06/2025 07:54:12,GrisMejua,4.15,White felt / Fieltro blanco,programA (19;21;23;2;4),Panama,Gamboa,BriYard,9.11614,-79.69875,1.5,residential backyard,08/06/2025,10/06/2025,NA,Bri,,Mothbeam v2,internal - top of box,,Panama_Gamboa_BriYard_GrisMejua_2025-06-08
10/06/2025 07:54:45,LiftAlce,4.15,White felt / Fieltro blanco,programA (19;21;23;2;4),Panama,Gamboa,BriYard,9.11614,-79.69875,1.5,residential backyard,08/06/2025,10/06/2025,NA,Bri,,Mothbeam v2,internal - top of box,,Panama_Gamboa_BriYard_LiftAlce_2025-06-08
10/06/2025 07:55:54,unrulyArao,4.15,White felt / Fieltro blanco,programA (19;21;23;2;4),Panama,Gamboa,BriYard,9.11614,-79.69875,1.5,residential backyard,08/06/2025,10/06/2025,NA,Bri,,Mothbeam v2,internal - top of box,,Panama_Gamboa_BriYard_unrulyArao_2025-06-08
22/06/2025 00:43:53,hopeCobo,4.16.1,White felt / Fieltro blanco,programA (19;21;23;2;4),Indonesia,Les,BeachPalm,-8.1296567,115.3666413,1.5,Beach,20/06/2025,30/06/2025,,AQ,palm tree in front of briefing area for dinacon,Mothbeam v2,internal - top of box,,Indonesia_Les_BeachPalm_hopeCobo_2025-06-20
22/06/2025 00:43:53,hopeCobo,4.16.1,White felt / Fieltro blanco,programA (19;21;23;2;4),Indonesia,Les,BeachFarmPalmyard,-8.1299289,115.3662502,2,Beach,22/06/2025,25/06/2025,,AQ,,Mothbeam v2,internal - top of box,,Indonesia_Les_BeachFarmPalmyard_hopeCobo_2025-06-22
22/06/2025 00:47:36,EfectoMinla,4.16.1,White felt / Fieltro blanco,programA (19;21;23;2;4),Indonesia,Les,Alley,-8.1300913,115.3657455,1.5,Beach,20/06/2025,30/06/2025,,AQ,Alley behind seacom,Mothbeam v2,internal - top of box,,Indonesia_Les_Alley_EfectoMinla_2025-06-20
22/06/2025 00:47:36,EfectoMinla,4.16.1,White felt / Fieltro blanco,programA (19;21;23;2;4),Indonesia,Les,BeachFarmTree,-8.1300105,115.37,1.5,Beach,22/06/2025,25/06/2025,,AQ,,Mothbeam v2,internal - top of box,,Indonesia_Les_BeachFarmTree_EfectoMinla_2025-06-22
25/06/2025 00:09:56,grupoKite,4.16.1,White felt / Fieltro blanco,programA (19;21;23;2;4),Indonesia,Les,BeachPalm,-8.1296567,115.3666413,1.5,Beach,23/06/2025,25/06/2025,,AQ,beach palm tree at les,Mothbeam v2,internal - top of box,,Indonesia_Les_BeachPalm_grupoKite_2025-06-23
27/06/2025 02:17:13,grupoKite,4.16.1,White felt / Fieltro blanco,programA (19;21;23;2;4),Indonesia,Les,BeachPalm,-8.129777,115.367283,1.5,Beach,25/06/2025,27/06/2025,Mothbox Harddrive A,"AQ,AR,BRI",,Mothbeam v2,internal - top of box,,Indonesia_Les_BeachPalm_grupoKite_2025-06-25
28/06/2025 03:01:44,HopeCobo,4.16.1,White felt / Fieltro blanco,programA (19;21;23;2;4),Indonesia,Les,WilanTopTree,-8.146,115.364,1.5,agroforest,25/06/2025,27/06/2025,,AQ GM JM  wilan wira arky,third box setup at wilan,Mothbeam v2,internal - top of box,,Indonesia_Les_WilanTopTree_HopeCobo_2025-06-25
28/06/2025 03:01:44,EfectoMinla,4.16.1,White felt / Fieltro blanco,programA (19;21;23;2;4),Indonesia,Les,WilanTopInsideTree,-8.1458,115.364,1.5,forest (unknown),25/06/2025,27/06/2025,,AQ GM JM  wilan wira arky,Second box setup at wilan,Mothbeam v2,internal - top of box,,Indonesia_Les_WilanTopInsideTree_EfectoMinla_2025-06-25
28/06/2025 03:01:44,cuervoCinife,4.16.1,White felt / Fieltro blanco,programA (19;21;23;2;4),Indonesia,Les,WilanFirstHilltree,-8.14614,115.363,1.5,forest (unknown),25/06/2025,27/06/2025,,AQ GM JM  wilan wira arky,first box setup at wilan hillside,Mothbeam v2,internal - top of box,,Indonesia_Les_WilanFirstHilltree_cuervoCinife_2025-06-25
03/07/2025 07:22:28,EfectoMinla,4.16.1,White felt / Fieltro blanco,programA (19;21;23;2;4),Indonesia,Les,WilanForestEdge,-8.1463,115.36523,2,agroforest,01/07/2025,03/07/2025,NA,Bri + Dinasaurs,"Placed on the edge of the forest (facing towards forest), house nearby",Mothbeam v1,internal - top of box,,Indonesia_Les_WilanForestEdge_EfectoMinla_2025-07-01
07/07/2025 00:08:03,LiquidSerau,4.16.1,White felt / Fieltro blanco,programA (19;21;23;2;4),Indonesia,Les,YamFarm,-8.14899,115.36441,2,agroforest,04/07/2025,06/07/2025,Bri computer,Bri,,Mothbeam v1,internal - top of box,,Indonesia_Les_YamFarm_LiquidSerau_2025-07-04
07/07/2025 00:17:11,EfectoMinla,4.16.1,White felt / Fieltro blanco,programA (19;21;23;2;4),Indonesia,Les,DurianFarm,-8.14994,115.36472,2,agroforest,04/07/2025,06/07/2025,Bri computer,Bri AQ Libby Wilan,,Mothbeam v1,internal - top of box,,Indonesia_Les_DurianFarm_EfectoMinla_2025-07-04
09/07/2025 03:37:23,efectoMinla,4.16.1,White felt / Fieltro blanco,programA (19;21;23;2;4),Indonesia,Les,Dryriverbed,-8.14469,115.36662,2,riparian zone,07/07/2025,09/07/2025,BRI,"WILAN, GARRI, BRI",agro-forest,Mothbeam v1,internal - top of box,,Indonesia_Les_Dryriverbed_efectoMinla_2025-07-07
10/07/2025 07:37:40,LiquidSerau,4.16.1,White felt / Fieltro blanco,programA (19;21;23;2;4),Indonesia,Les,WilanFarmHill,-8.1462,115.36448,1.5,agroforest,07/07/2025,09/07/2025,Bri,"Bri,Wilan,Rebecca,Judy",,Mothbeam v1,internal - top of box,,Indonesia_Les_WilanFarmHill_LiquidSerau_2025-07-07
10/07/2025 07:43:48,CuervoCinife,4.16.1,White felt / Fieltro blanco,programA (19;21;23;2;4),Indonesia,Les,ByRoadWilan,-8.14608,115.36489,2,agroforest,07/07/2025,09/07/2025,Bri,"Bri,Wilan,Rebecca,Judy",,Mothbeam v1,internal - top of box,,Indonesia_Les_ByRoadWilan_CuervoCinife_2025-07-07
13/07/2025 22:22:57,EfectoMinla,4.16.1,White felt / Fieltro blanco,programA (19;21;23;2;4),Indonesia,Les,BatuPayung,-8.1486,115.36311,1.5,forest (unknown),12/07/2025,14/07/2025,HDC,"Bri,Wilan,Wira,Gary",200m above sea level,Mothbeam v1,internal - top of box,,Indonesia_Les_BatuPayung_EfectoMinla_2025-07-12
13/07/2025 22:24:04,LiquidSerau,4.16.1,White felt / Fieltro blanco,programA (19;21;23;2;4),Indonesia,Les,Landak,-8.14877,115.36373,1.5,forest (unknown),12/07/2025,14/07/2025,HDC,"Bri,Wira,Wilan,Gary",180m above sea level,Mothbeam v1,internal - top of box,,Indonesia_Les_Landak_LiquidSerau_2025-07-12
23/07/2025 15:48:48,WaveUrta,4.16.1,White felt / Fieltro blanco,20;22;0;3;5,USA,BriParents,HilltopFarSide,36.35398,-81.39982,1.5,forest (unknown),21/07/2025,23/07/2025,BriHDA,Bri,By road; facing towards the creek,Mothbeam v2,internal - top of box,,USA_BriParents_HilltopFarSide_WaveUrta_2025-07-21
23/07/2025 15:58:08,AccionSauro,4.16.1,White felt / Fieltro blanco,20;22;0;3;5,USA,BriParents,RiversideFallenTree,36.35423,-81.40007,1.5,riparian zone,21/07/2025,23/07/2025,BriHDA,Bri,Facing River,Mothbeam v2,internal - top of box,,USA_BriParents_RiversideFallenTree_AccionSauro_2025-07-21
23/07/2025 16:12:35,BothDeer,4.16.1,White felt / Fieltro blanco,20;22;0;3;5,USA,BriParents,TopofHill,36.35462,-81.39997,1,forest (unknown),21/07/2025,23/07/2025,BriHDA,Bri,"Top of the hill facing the forest, closest to field. tree branches were cut above it and leaked sap on mothbox",Mothbeam v2,internal - top of box,,USA_BriParents_TopofHill_BothDeer_2025-07-21
23/07/2025 16:24:17,LiftAlce,4.16.1,White felt / Fieltro blanco,20;22;0;3;5,USA,BriParents,CreekFork,36.35413,-81.39937,1.5,riparian zone,21/07/2025,23/07/2025,Bri HDA,Bri,Caterpillars on leaves of the tree its hung on. Inaturalist says they are turbulent phosphilia moth catepillars.,Mothbeam v2,internal - top of box,,USA_BriParents_CreekFork_LiftAlce_2025-07-21
23/07/2025 16:31:50,GrisMejua,4.16.1,White felt / Fieltro blanco,20;22;0;3;5,USA,BriParents,DownstreamCreekside,36.35402,-81.4003,2,riparian zone,21/07/2025,23/07/2025,BriHDA,Bri,On side closest to field; facing downstream,Mothbeam v2,,,USA_BriParents_DownstreamCreekside_GrisMejua_2025-07-21
01/08/2025 08:18:37,bothDeer,4.16.1,White felt / Fieltro blanco,ProgramC (21;23;2;4),USA,PrairieRidgeEcostation,Classroom,35.8105058,-78.7149479,1.5m,natural regeneration forest / regeneración natural,29/07/2025,31/07/2025,CLG,CLG + Bri,Mounted to small winged sumac tree,Mothbeam v2,internal - top of box,,USA_PrairieRidgeEcostation_Classroom_bothDeer_2025-07-29
01/08/2025 08:22:23,GrisMejua,4.16.1,White felt / Fieltro blanco,ProgramC (21;23;2;4),USA,PrairieRidgeEcostation,Pond,35.8118234,-78.7171091,1.5,riparian zone,29/07/2025,31/07/2025,"CG,Bri HD","CG,Bri",,Mothbeam v2,internal - top of box,,USA_PrairieRidgeEcostation_Pond_GrisMejua_2025-07-29
01/08/2025 08:22:24,layerMomoto,4.16.1,White felt / Fieltro blanco,ProgramC (21;23;2;4),USA,Prairie Ridge Ecostation,Prairie,35.8109193,-78.7163027,1,prairie,29/07/2025,31/07/2025,CLG,CLG + Bri,Mounted to fence support along the upper prairie fenceline,Mothbeam v2,internal - top of box,,USA_Prairie Ridge Ecostation_Prairie_layerMomoto_2025-07-29
01/08/2025 08:24:31,FondoGorila,4.16.1,White felt / Fieltro blanco,ProgramC (21;23;2;4),USA,PraireRidgeEcostation,Arboretum,35.80961,-78.71711,1.75,natural regeneration forest / regeneración natural,29/07/2025,31/07/2025,CG;BriHD,"CG,Bri",,Mothbeam v2,internal - top of box,,USA_PraireRidgeEcostation_Arboretum_FondoGorila_2025-07-29
01/08/2025 08:24:31,accionSuaro,4.16.1,White felt / Fieltro blanco,ProgramC (21;23;2;4),USA,Prairie Ridge Ecostation,Creek,35.8094875,-78.7161914,1,riparian zone,29/07/2025,31/07/2025,CLG,CLG + Bri,Just upstream from the old creek access area mounted to a small tree on the creek bank,Mothbeam v2,internal - top of box,,USA_Prairie Ridge Ecostation_Creek_accionSuaro_2025-07-29
,,,,,,,,,,,,,,,,,,,,____1899-12-30
,,,,,,,,,,,,,,,,,,,,____1899-12-30